grid_id,has_degradation,observation_count,spatial_split
grid_344960_9457280,1,12,train
grid_346240_9456000,0,4,train
grid_346240_9457280,1,13,train
grid_346240_9458560,0,17,val
grid_346240_9459840,1,10,train
grid_347520_9456000,0,24,train
grid_347520_9457280,0,11,train
grid_347520_9458560,0,10,test
grid_347520_9459840,0,10,train
grid_347520_9461120,1,6,val
grid_348800_9456000,0,14,train
grid_348800_9457280,0,15,train
grid_348800_9458560,1,5,train
grid_348800_9459840,1,10,test
grid_348800_9461120,0,10,val
grid_348800_9462400,1,3,train
grid_350080_9456000,0,24,train
grid_350080_9457280,1,14,train
grid_350080_9458560,1,12,val
grid_350080_9459840,0,8,train
grid_350080_9461120,0,19,train
grid_350080_9462400,1,9,val
grid_351360_9458560,0,15,train
grid_351360_9459840,1,7,train
grid_351360_9461120,0,15,val
grid_351360_9462400,0,12,test
grid_351360_9463680,1,3,test
grid_352640_9459840,1,6,train
grid_352640_9461120,1,9,test
grid_352640_9462400,1,6,train
grid_352640_9463680,1,3,train
grid_352640_9464960,1,10,val
grid_353920_9459840,1,8,train
grid_353920_9461120,1,3,train
grid_353920_9462400,1,5,train
grid_353920_9463680,1,5,train
grid_353920_9464960,0,19,train
grid_355200_9459840,1,9,val
grid_355200_9461120,1,5,train
grid_355200_9462400,1,9,val
grid_355200_9463680,1,5,test
grid_355200_9464960,1,16,train
grid_355200_9466240,1,13,val
grid_356480_9458560,1,9,train
grid_356480_9459840,1,5,val
grid_356480_9461120,1,15,train
grid_356480_9462400,1,3,test
grid_356480_9463680,1,5,train
grid_356480_9464960,1,14,train
grid_356480_9466240,1,3,val
grid_357760_9459840,1,6,train
grid_357760_9461120,0,8,test
grid_357760_9462400,1,9,train
grid_357760_9463680,1,8,val
grid_357760_9464960,0,15,test
grid_357760_9466240,1,7,train
grid_357760_9467520,1,3,train
grid_357760_9468800,0,10,train
grid_359040_9458560,0,18,test
grid_359040_9459840,0,17,val
grid_359040_9461120,0,18,val
grid_359040_9462400,0,15,train
grid_359040_9463680,0,13,train
grid_359040_9464960,0,16,train
grid_359040_9466240,1,9,val
grid_359040_9467520,0,10,train
grid_359040_9468800,0,12,test
grid_360320_9458560,0,20,train
grid_360320_9459840,0,17,train
grid_360320_9461120,0,15,train
grid_360320_9462400,0,20,train
grid_360320_9463680,0,15,train
grid_360320_9464960,0,15,test
grid_360320_9466240,1,8,val
grid_360320_9467520,1,8,val
grid_360320_9468800,0,16,train
grid_360320_9470080,0,21,val
grid_361600_9456000,0,23,val
grid_361600_9457280,0,22,test
grid_361600_9458560,0,22,val
grid_361600_9459840,0,18,val
grid_361600_9461120,0,14,train
grid_361600_9462400,0,14,test
grid_361600_9463680,0,19,train
grid_361600_9464960,0,16,train
grid_361600_9466240,0,14,train
grid_361600_9467520,0,14,train
grid_361600_9468800,0,14,test
grid_361600_9470080,0,15,train
grid_362880_9457280,0,22,train
grid_362880_9458560,0,20,test
grid_362880_9459840,0,21,train
grid_362880_9461120,0,17,test
grid_362880_9462400,0,15,train
grid_362880_9463680,0,14,val
grid_362880_9464960,0,17,test
grid_362880_9466240,0,15,train
grid_362880_9467520,0,13,train
grid_364160_9457280,0,21,train
grid_364160_9458560,0,22,train
grid_364160_9459840,0,21,train
grid_364160_9461120,0,21,train
grid_364160_9462400,0,17,train
grid_364160_9463680,0,16,train
grid_364160_9464960,0,16,train
grid_364160_9466240,0,17,train
grid_364160_9467520,0,16,test
grid_364160_9468800,0,9,train
grid_365440_9457280,0,21,train
grid_365440_9458560,0,19,train
grid_365440_9459840,0,21,train
grid_365440_9461120,0,21,train
grid_365440_9462400,0,20,train
grid_365440_9463680,0,18,train
grid_365440_9464960,0,19,train
grid_365440_9466240,0,19,train
grid_365440_9467520,0,18,train
grid_365440_9468800,0,13,train
grid_366720_9456000,0,19,train
grid_366720_9457280,0,19,train
grid_366720_9458560,0,19,train
grid_366720_9459840,0,18,train
grid_366720_9461120,0,22,train
grid_366720_9462400,0,18,train
grid_366720_9463680,0,11,train
grid_366720_9464960,0,14,train
grid_366720_9466240,0,18,train
grid_366720_9467520,0,22,train
grid_366720_9468800,0,16,train
grid_368000_9456000,0,18,val
grid_368000_9457280,0,19,train
grid_368000_9458560,0,22,train
grid_368000_9459840,0,19,train
grid_368000_9461120,0,17,test
grid_368000_9462400,0,12,train
grid_368000_9463680,0,12,train
grid_368000_9464960,0,13,train
grid_368000_9466240,0,19,test
grid_368000_9467520,0,14,train
grid_368000_9468800,0,15,train
grid_369280_9449600,0,16,test
grid_369280_9450880,0,15,train
grid_369280_9452160,0,17,train
grid_369280_9453440,0,19,train
grid_369280_9454720,0,16,test
grid_369280_9458560,0,19,val
grid_369280_9459840,0,22,train
grid_369280_9461120,0,18,train
grid_369280_9462400,0,12,train
grid_369280_9463680,0,12,train
grid_369280_9464960,0,9,train
grid_369280_9466240,0,9,train
grid_370560_9447040,0,12,train
grid_370560_9448320,0,9,train
grid_370560_9449600,0,9,val
grid_370560_9450880,0,14,train
grid_370560_9452160,0,20,train
grid_370560_9453440,0,19,val
grid_370560_9454720,0,17,train
grid_370560_9458560,0,17,train
grid_370560_9459840,0,21,train
grid_370560_9461120,0,21,train
grid_370560_9462400,0,18,train
grid_370560_9463680,0,16,test
grid_370560_9464960,0,19,test
grid_371840_9447040,0,16,train
grid_371840_9448320,0,10,test
grid_371840_9449600,0,6,train
grid_371840_9450880,0,10,train
grid_371840_9452160,0,12,val
grid_371840_9453440,0,12,train
grid_371840_9459840,0,20,train
grid_371840_9461120,0,18,test
grid_371840_9462400,0,16,train
grid_371840_9463680,0,17,train
grid_371840_9464960,0,17,train
grid_373120_9445760,0,13,test
grid_373120_9447040,0,13,train
grid_373120_9448320,0,11,train
grid_373120_9449600,0,7,train
grid_373120_9450880,0,11,train
grid_373120_9452160,0,11,train
grid_373120_9462400,0,17,train
grid_373120_9463680,0,13,train
grid_374400_9444480,0,19,val
grid_374400_9445760,0,16,val
grid_374400_9447040,0,17,train
grid_374400_9448320,0,15,train
grid_374400_9449600,0,13,test
grid_374400_9450880,0,9,train
grid_375680_9441920,0,15,train
grid_375680_9443200,0,20,val
grid_375680_9444480,0,20,test
grid_375680_9445760,0,17,val
grid_375680_9447040,0,19,test
grid_375680_9448320,0,16,train
grid_375680_9449600,0,17,val
grid_375680_9450880,0,12,train
grid_376960_9440640,0,20,train
grid_376960_9441920,0,23,val
grid_376960_9443200,0,20,train
grid_376960_9444480,0,22,train
grid_376960_9445760,0,19,val
grid_376960_9447040,0,19,val
grid_376960_9448320,0,20,train
grid_376960_9449600,0,18,train
grid_376960_9450880,0,18,train
grid_378240_9440640,0,20,train
grid_378240_9441920,0,22,test
grid_378240_9443200,0,21,train
grid_378240_9444480,0,20,train
grid_378240_9445760,0,16,train
grid_378240_9447040,0,19,train
grid_378240_9448320,0,20,test
grid_378240_9449600,0,23,train
grid_378240_9450880,0,20,train
grid_379520_9439360,0,21,train
grid_379520_9440640,0,20,test
grid_379520_9441920,0,17,train
grid_379520_9443200,0,22,train
grid_379520_9444480,0,18,train
grid_379520_9445760,0,17,train
grid_379520_9447040,0,17,test
grid_379520_9448320,0,17,train
grid_379520_9449600,0,16,train
grid_380800_9440640,0,21,train
grid_380800_9441920,0,16,train
grid_380800_9443200,0,16,train
grid_380800_9444480,0,18,val
grid_380800_9445760,0,12,test
grid_380800_9447040,0,12,train
grid_380800_9448320,0,13,test
grid_382080_9440640,0,13,val
grid_382080_9441920,0,14,test
grid_382080_9443200,0,15,train
grid_382080_9444480,0,17,train
grid_382080_9445760,0,13,train
grid_382080_9447040,0,10,val
grid_382080_9448320,0,7,train
grid_383360_9439360,0,15,test
grid_383360_9440640,0,14,train
grid_383360_9441920,0,13,train
grid_383360_9443200,0,14,test
grid_383360_9444480,0,15,val
grid_383360_9445760,0,15,val
grid_383360_9447040,0,12,train
grid_383360_9448320,0,9,train
grid_384640_9440640,0,16,test
grid_384640_9441920,0,15,test
grid_384640_9443200,0,14,test
grid_384640_9444480,0,16,train
grid_384640_9445760,0,15,train
grid_384640_9447040,0,13,train
grid_385920_9439360,0,15,train
grid_385920_9440640,0,17,train
grid_385920_9441920,0,15,train
grid_385920_9443200,0,14,train
grid_385920_9444480,0,14,train
grid_385920_9445760,0,14,test
grid_385920_9447040,0,13,train
grid_387200_9440640,0,17,train
grid_387200_9441920,0,15,test
grid_387200_9443200,0,17,train
grid_387200_9444480,0,16,train
grid_387200_9445760,0,18,train
grid_388480_9438080,0,14,train
grid_388480_9439360,0,15,train
grid_388480_9440640,0,15,test
grid_388480_9441920,0,15,train
grid_388480_9443200,0,14,train
grid_388480_9444480,0,16,train
grid_388480_9445760,0,13,test
grid_389760_9435520,0,20,val
grid_389760_9438080,0,3,train
grid_389760_9439360,0,19,train
grid_389760_9440640,0,16,train
grid_389760_9441920,0,12,train
grid_389760_9443200,0,15,train
grid_389760_9444480,0,16,train
grid_391040_9425280,0,24,train
grid_391040_9426560,0,24,train
grid_391040_9427840,0,23,train
grid_391040_9429120,0,23,train
grid_391040_9430400,1,2,train
grid_391040_9431680,0,25,val
grid_391040_9432960,0,24,train
grid_391040_9434240,0,20,train
grid_391040_9435520,0,19,train
grid_391040_9436800,0,17,val
grid_391040_9438080,0,1,test
grid_391040_9439360,0,20,train
grid_391040_9440640,0,17,train
grid_391040_9441920,0,17,train
grid_391040_9443200,0,9,train
grid_392320_9424000,0,24,train
grid_392320_9425280,0,24,val
grid_392320_9426560,0,25,val
grid_392320_9427840,0,25,train
grid_392320_9429120,0,25,test
grid_392320_9430400,0,25,train
grid_392320_9431680,0,14,train
grid_392320_9432960,0,24,train
grid_392320_9434240,0,21,train
grid_392320_9435520,0,20,train
grid_392320_9436800,0,19,train
grid_392320_9438080,0,18,val
grid_392320_9439360,0,7,test
grid_392320_9440640,0,19,train
grid_392320_9441920,0,17,train
grid_393600_9422720,0,5,train
grid_393600_9424000,0,25,train
grid_393600_9425280,0,25,train
grid_393600_9426560,0,24,val
grid_393600_9427840,0,24,train
grid_393600_9429120,0,23,train
grid_393600_9430400,0,19,train
grid_393600_9431680,0,24,train
grid_393600_9432960,0,23,train
grid_393600_9434240,0,19,train
grid_393600_9435520,0,15,val
grid_393600_9436800,0,15,train
grid_393600_9438080,0,14,train
grid_393600_9440640,0,17,val
grid_393600_9441920,0,17,train
grid_393600_9443200,0,13,train
grid_394880_9421440,0,26,val
grid_394880_9422720,1,9,train
grid_394880_9424000,0,28,test
grid_394880_9425280,0,26,train
grid_394880_9426560,0,26,train
grid_394880_9427840,0,27,train
grid_394880_9429120,0,26,test
grid_394880_9430400,0,23,val
grid_394880_9431680,0,22,train
grid_394880_9432960,0,17,train
grid_394880_9434240,0,14,train
grid_394880_9435520,0,15,train
grid_394880_9436800,0,17,test
grid_394880_9438080,0,18,train
grid_394880_9439360,0,16,val
grid_394880_9440640,0,18,train
grid_394880_9441920,0,17,train
grid_396160_9418880,0,26,train
grid_396160_9420160,0,24,train
grid_396160_9421440,0,25,train
grid_396160_9422720,0,25,val
grid_396160_9424000,1,22,train
grid_396160_9425280,0,26,train
grid_396160_9426560,0,25,train
grid_396160_9427840,0,28,val
grid_396160_9429120,0,27,train
grid_396160_9430400,0,24,train
grid_396160_9431680,0,22,train
grid_396160_9432960,0,18,train
grid_396160_9434240,0,14,train
grid_396160_9435520,0,13,train
grid_396160_9436800,0,15,train
grid_396160_9438080,0,14,train
grid_396160_9439360,0,15,val
grid_396160_9440640,0,16,train
grid_396160_9441920,0,16,val
grid_397440_9416320,0,26,train
grid_397440_9417600,0,24,test
grid_397440_9418880,0,24,train
grid_397440_9420160,0,23,train
grid_397440_9421440,0,22,test
grid_397440_9422720,0,25,train
grid_397440_9424000,0,26,val
grid_397440_9425280,0,1,train
grid_397440_9426560,0,28,train
grid_397440_9427840,0,23,train
grid_397440_9429120,0,26,train
grid_397440_9430400,0,26,train
grid_397440_9431680,0,22,train
grid_397440_9432960,0,22,train
grid_397440_9434240,0,16,test
grid_397440_9435520,0,15,train
grid_397440_9436800,0,14,train
grid_397440_9438080,0,13,train
grid_397440_9439360,0,13,train
grid_397440_9440640,0,14,train
grid_398720_9415040,0,23,train
grid_398720_9416320,0,22,test
grid_398720_9417600,0,25,train
grid_398720_9418880,0,25,train
grid_398720_9420160,0,23,train
grid_398720_9421440,0,24,test
grid_398720_9422720,0,24,train
grid_398720_9424000,0,23,val
grid_398720_9425280,1,4,train
grid_398720_9426560,0,6,train
grid_398720_9427840,0,12,test
grid_398720_9429120,0,25,train
grid_398720_9430400,0,21,train
grid_398720_9431680,0,22,test
grid_398720_9432960,0,20,test
grid_398720_9434240,0,15,train
grid_398720_9435520,0,17,train
grid_398720_9436800,0,17,train
grid_398720_9438080,0,14,test
grid_398720_9439360,0,11,train
grid_400000_9413760,0,26,train
grid_400000_9415040,0,26,train
grid_400000_9416320,0,24,train
grid_400000_9417600,0,24,train
grid_400000_9418880,0,23,train
grid_400000_9420160,0,25,train
grid_400000_9421440,0,23,train
grid_400000_9422720,0,21,train
grid_400000_9424000,0,21,train
grid_400000_9425280,0,24,val
grid_400000_9426560,0,9,train
grid_400000_9427840,1,1,train
grid_400000_9429120,0,26,train
grid_400000_9430400,0,24,train
grid_400000_9431680,0,17,train
grid_400000_9432960,0,18,train
grid_400000_9434240,0,14,train
grid_400000_9435520,0,15,train
grid_400000_9436800,0,14,test
grid_400000_9438080,0,13,train
grid_401280_9412480,0,25,val
grid_401280_9413760,0,25,train
grid_401280_9415040,0,26,train
grid_401280_9416320,0,26,train
grid_401280_9417600,0,24,val
grid_401280_9418880,0,24,test
grid_401280_9420160,0,22,train
grid_401280_9421440,0,22,train
grid_401280_9422720,0,18,train
grid_401280_9424000,0,20,train
grid_401280_9425280,0,23,test
grid_401280_9426560,0,26,val
grid_401280_9427840,0,14,train
grid_401280_9429120,0,26,val
grid_401280_9430400,0,21,train
grid_401280_9431680,0,21,train
grid_401280_9432960,0,19,train
grid_401280_9434240,0,16,val
grid_401280_9435520,0,16,test
grid_401280_9436800,0,13,train
grid_401280_9438080,0,16,train
grid_402560_9411200,0,24,train
grid_402560_9412480,0,23,train
grid_402560_9413760,0,26,val
grid_402560_9415040,0,26,train
grid_402560_9416320,0,26,val
grid_402560_9417600,0,23,val
grid_402560_9418880,0,24,val
grid_402560_9420160,0,11,val
grid_402560_9421440,0,19,test
grid_402560_9422720,0,20,train
grid_402560_9424000,0,18,train
grid_402560_9425280,0,23,test
grid_402560_9426560,0,23,val
grid_402560_9427840,0,9,train
grid_402560_9429120,0,26,train
grid_402560_9430400,0,23,train
grid_402560_9431680,0,20,train
grid_402560_9432960,0,16,train
grid_402560_9434240,0,14,train
grid_402560_9435520,0,13,train
grid_402560_9436800,0,16,train
grid_402560_9438080,0,18,train
grid_403840_9411200,0,21,train
grid_403840_9412480,0,22,test
grid_403840_9413760,0,25,train
grid_403840_9415040,0,24,train
grid_403840_9416320,0,24,train
grid_403840_9417600,0,23,train
grid_403840_9418880,0,22,train
grid_403840_9420160,0,23,train
grid_403840_9421440,0,22,train
grid_403840_9422720,0,21,train
grid_403840_9424000,0,19,train
grid_403840_9425280,0,21,train
grid_403840_9426560,0,20,train
grid_403840_9427840,1,8,train
grid_403840_9429120,0,26,train
grid_403840_9430400,0,23,train
grid_403840_9431680,0,20,train
grid_403840_9432960,0,16,train
grid_403840_9434240,0,15,train
grid_403840_9435520,0,15,train
grid_403840_9436800,0,15,train
grid_405120_9409920,0,22,test
grid_405120_9411200,0,22,train
grid_405120_9412480,0,24,train
grid_405120_9413760,0,24,train
grid_405120_9415040,0,24,test
grid_405120_9416320,0,22,train
grid_405120_9417600,0,22,test
grid_405120_9418880,0,22,train
grid_405120_9420160,0,21,train
grid_405120_9421440,0,21,train
grid_405120_9422720,0,23,train
grid_405120_9424000,0,20,train
grid_405120_9425280,0,20,train
grid_405120_9426560,0,16,train
grid_405120_9427840,0,21,train
grid_405120_9429120,0,24,val
grid_405120_9430400,0,21,train
grid_405120_9431680,0,17,train
grid_405120_9432960,0,17,test
grid_405120_9434240,0,15,train
grid_405120_9435520,0,13,train
grid_405120_9436800,0,14,train
grid_406400_9406080,0,15,val
grid_406400_9407360,0,20,train
grid_406400_9408640,0,23,train
grid_406400_9409920,0,24,train
grid_406400_9411200,0,25,test
grid_406400_9412480,0,24,train
grid_406400_9413760,0,22,train
grid_406400_9415040,0,25,val
grid_406400_9416320,0,23,train
grid_406400_9417600,0,22,train
grid_406400_9418880,0,21,test
grid_406400_9420160,0,20,test
grid_406400_9421440,0,21,train
grid_406400_9422720,0,20,test
grid_406400_9424000,0,20,train
grid_406400_9425280,0,18,val
grid_406400_9426560,0,19,train
grid_406400_9427840,0,19,val
grid_406400_9429120,0,23,train
grid_406400_9430400,0,20,train
grid_406400_9431680,0,18,train
grid_406400_9432960,0,18,test
grid_406400_9434240,0,16,train
grid_406400_9435520,0,16,train
grid_406400_9436800,0,17,train
grid_407680_9404800,0,18,test
grid_407680_9406080,0,22,train
grid_407680_9407360,0,21,train
grid_407680_9408640,0,20,train
grid_407680_9409920,0,20,val
grid_407680_9411200,0,22,val
grid_407680_9412480,0,22,train
grid_407680_9413760,0,22,train
grid_407680_9415040,0,23,val
grid_407680_9416320,0,23,train
grid_407680_9417600,0,21,train
grid_407680_9418880,0,21,train
grid_407680_9420160,0,19,val
grid_407680_9421440,0,22,train
grid_407680_9422720,0,18,train
grid_407680_9424000,0,16,train
grid_407680_9425280,0,16,train
grid_407680_9426560,0,18,train
grid_407680_9427840,0,20,test
grid_407680_9429120,0,22,train
grid_407680_9430400,0,18,train
grid_407680_9431680,0,19,val
grid_407680_9432960,0,16,train
grid_407680_9434240,0,15,train
grid_407680_9435520,0,13,test
grid_408960_9404800,0,22,test
grid_408960_9406080,0,22,test
grid_408960_9407360,0,23,test
grid_408960_9408640,0,19,train
grid_408960_9409920,0,19,train
grid_408960_9411200,0,19,train
grid_408960_9412480,0,19,test
grid_408960_9413760,0,22,train
grid_408960_9415040,0,20,val
grid_408960_9416320,0,21,train
grid_408960_9417600,0,19,train
grid_408960_9418880,0,19,test
grid_408960_9420160,0,21,train
grid_408960_9421440,0,20,train
grid_408960_9422720,0,13,train
grid_408960_9424000,0,13,test
grid_408960_9425280,0,15,train
grid_408960_9426560,0,20,train
grid_408960_9427840,0,19,train
grid_408960_9429120,0,20,train
grid_408960_9430400,0,17,train
grid_408960_9431680,0,17,train
grid_408960_9432960,0,15,train
grid_408960_9434240,0,16,train
grid_410240_9403520,0,23,train
grid_410240_9404800,0,20,train
grid_410240_9406080,0,20,train
grid_410240_9407360,0,21,train
grid_410240_9408640,0,20,val
grid_410240_9409920,0,19,train
grid_410240_9411200,0,16,train
grid_410240_9412480,0,14,test
grid_410240_9413760,0,17,train
grid_410240_9415040,0,20,train
grid_410240_9416320,0,18,train
grid_410240_9417600,0,19,train
grid_410240_9418880,0,18,train
grid_410240_9420160,0,20,val
grid_410240_9421440,0,20,train
grid_410240_9422720,0,15,train
grid_410240_9424000,0,16,train
grid_410240_9425280,0,16,val
grid_410240_9426560,0,19,train
grid_410240_9427840,0,18,train
grid_410240_9429120,1,6,train
grid_410240_9430400,1,13,train
grid_410240_9431680,0,18,train
grid_410240_9432960,0,18,train
grid_410240_9434240,0,11,train
grid_411520_9402240,0,22,val
grid_411520_9403520,0,23,train
grid_411520_9404800,0,21,train
grid_411520_9406080,0,21,train
grid_411520_9407360,0,18,train
grid_411520_9408640,0,19,train
grid_411520_9409920,0,18,test
grid_411520_9411200,0,17,val
grid_411520_9412480,0,18,val
grid_411520_9413760,0,18,test
grid_411520_9415040,0,18,train
grid_411520_9416320,0,17,train
grid_411520_9417600,0,16,train
grid_411520_9418880,0,17,test
grid_411520_9420160,0,21,train
grid_411520_9421440,0,17,val
grid_411520_9422720,0,18,train
grid_411520_9424000,0,15,train
grid_411520_9425280,0,17,val
grid_411520_9426560,0,19,train
grid_411520_9427840,1,13,train
grid_411520_9429120,1,12,train
grid_411520_9430400,1,16,val
grid_411520_9431680,0,18,train
grid_411520_9432960,0,20,test
grid_412800_9400960,0,22,train
grid_412800_9402240,0,22,train
grid_412800_9403520,0,23,train
grid_412800_9404800,0,19,train
grid_412800_9406080,0,20,train
grid_412800_9407360,0,19,train
grid_412800_9408640,0,16,train
grid_412800_9409920,0,17,train
grid_412800_9411200,0,18,test
grid_412800_9412480,0,17,train
grid_412800_9413760,0,16,train
grid_412800_9415040,0,15,train
grid_412800_9416320,0,16,train
grid_412800_9417600,0,18,train
grid_412800_9418880,0,20,val
grid_412800_9420160,0,19,train
grid_412800_9421440,0,20,train
grid_412800_9422720,0,17,train
grid_412800_9424000,0,17,train
grid_412800_9425280,1,16,train
grid_412800_9426560,1,13,train
grid_412800_9427840,1,10,train
grid_412800_9429120,1,11,val
grid_412800_9430400,1,16,train
grid_412800_9431680,0,19,train
grid_412800_9432960,0,19,train
grid_412800_9434240,0,20,train
grid_414080_9400960,0,19,val
grid_414080_9402240,0,18,train
grid_414080_9403520,0,19,train
grid_414080_9404800,0,22,train
grid_414080_9406080,0,19,train
grid_414080_9407360,0,17,train
grid_414080_9408640,0,18,test
grid_414080_9409920,0,18,train
grid_414080_9411200,0,17,test
grid_414080_9412480,0,18,train
grid_414080_9413760,0,18,train
grid_414080_9415040,0,16,train
grid_414080_9416320,0,16,val
grid_414080_9417600,0,18,train
grid_414080_9418880,1,16,test
grid_414080_9420160,1,16,train
grid_414080_9421440,0,15,train
grid_414080_9422720,0,19,train
grid_414080_9424000,1,9,train
grid_414080_9425280,1,9,train
grid_414080_9426560,1,9,train
grid_414080_9427840,1,9,train
grid_414080_9429120,1,11,train
grid_414080_9430400,1,17,train
grid_414080_9431680,0,20,train
grid_414080_9432960,0,20,train
grid_414080_9435520,1,12,train
grid_415360_9402240,0,21,train
grid_415360_9403520,0,21,val
grid_415360_9404800,0,20,train
grid_415360_9406080,0,18,train
grid_415360_9407360,0,17,train
grid_415360_9408640,0,18,test
grid_415360_9409920,0,20,train
grid_415360_9411200,0,18,val
grid_415360_9412480,0,16,train
grid_415360_9413760,0,18,test
grid_415360_9415040,0,19,train
grid_415360_9416320,0,20,train
grid_415360_9417600,0,17,train
grid_415360_9418880,1,18,train
grid_415360_9420160,1,12,train
grid_415360_9421440,1,13,val
grid_415360_9422720,1,18,test
grid_415360_9424000,1,9,train
grid_415360_9425280,1,9,train
grid_415360_9426560,1,13,train
grid_415360_9427840,1,13,val
grid_415360_9429120,1,13,test
grid_415360_9430400,1,6,train
grid_415360_9431680,0,16,train
grid_415360_9432960,1,9,train
grid_415360_9434240,1,2,train
grid_415360_9435520,0,18,val
grid_416640_9404800,0,19,train
grid_416640_9406080,0,17,train
grid_416640_9407360,0,17,train
grid_416640_9408640,0,18,train
grid_416640_9409920,0,18,train
grid_416640_9411200,0,18,test
grid_416640_9412480,0,17,val
grid_416640_9413760,0,18,test
grid_416640_9415040,0,18,test
grid_416640_9416320,0,16,test
grid_416640_9417600,0,16,train
grid_416640_9418880,1,22,train
grid_416640_9421440,1,10,test
grid_416640_9422720,1,14,train
grid_416640_9424000,1,6,train
grid_416640_9425280,1,8,train
grid_416640_9426560,1,8,test
grid_416640_9427840,1,10,test
grid_416640_9429120,1,5,test
grid_416640_9434240,0,15,train
grid_416640_9435520,1,7,train
grid_416640_9436800,0,14,test
grid_417920_9404800,0,14,test
grid_417920_9406080,0,16,test
grid_417920_9407360,0,18,val
grid_417920_9408640,0,19,train
grid_417920_9409920,0,20,train
grid_417920_9411200,0,18,train
grid_417920_9412480,0,17,train
grid_417920_9413760,0,19,val
grid_417920_9415040,0,18,train
grid_417920_9422720,0,11,train
grid_417920_9434240,0,10,train
grid_417920_9435520,1,6,train
grid_417920_9436800,1,4,train
grid_417920_9438080,1,9,val
grid_419200_9403520,0,16,train
grid_419200_9404800,0,16,test
grid_419200_9406080,0,16,val
grid_419200_9407360,0,16,train
grid_419200_9408640,0,19,train
grid_419200_9409920,0,19,test
grid_419200_9411200,0,19,test
grid_419200_9412480,0,18,test
grid_419200_9413760,0,18,train
grid_419200_9415040,0,17,train
grid_419200_9430400,1,6,train
grid_419200_9431680,1,6,train
grid_419200_9432960,1,6,train
grid_419200_9434240,0,12,train
grid_419200_9435520,1,14,train
grid_420480_9402240,0,18,train
grid_420480_9403520,0,14,test
grid_420480_9404800,0,15,train
grid_420480_9406080,0,14,train
grid_420480_9407360,0,20,train
grid_420480_9408640,0,19,train
grid_420480_9409920,0,19,train
grid_420480_9411200,0,18,train
grid_420480_9412480,0,17,train
grid_420480_9413760,1,12,train
grid_420480_9429120,1,6,train
grid_420480_9430400,1,16,val
grid_420480_9431680,1,9,train
grid_420480_9432960,1,5,test
grid_420480_9434240,0,13,train
grid_420480_9435520,1,10,train
grid_421760_9400960,0,19,train
grid_421760_9402240,0,20,train
grid_421760_9403520,0,17,train
grid_421760_9404800,0,18,test
grid_421760_9406080,0,15,train
grid_421760_9407360,0,18,test
grid_421760_9408640,0,15,val
grid_421760_9409920,0,16,val
grid_421760_9411200,0,17,test
grid_421760_9412480,0,21,val
grid_421760_9426560,0,4,train
grid_421760_9427840,1,7,train
grid_421760_9429120,1,9,test
grid_421760_9430400,1,5,train
grid_421760_9431680,0,14,train
grid_421760_9432960,1,10,train
grid_421760_9434240,0,9,train
grid_421760_9435520,0,12,test
grid_421760_9436800,0,16,train
grid_423040_9399680,0,20,train
grid_423040_9400960,0,21,train
grid_423040_9402240,0,21,train
grid_423040_9403520,0,21,train
grid_423040_9404800,0,19,val
grid_423040_9406080,0,17,val
grid_423040_9407360,0,18,test
grid_423040_9408640,0,18,train
grid_423040_9409920,0,13,train
grid_423040_9412480,0,14,test
grid_423040_9426560,1,2,test
grid_423040_9427840,0,6,train
grid_423040_9429120,1,8,train
grid_423040_9430400,1,5,val
grid_423040_9431680,0,16,train
grid_423040_9432960,0,14,train
grid_423040_9434240,0,11,train
grid_423040_9435520,0,17,train
grid_423040_9436800,0,19,train
grid_423040_9438080,0,13,val
grid_424320_9399680,0,22,train
grid_424320_9400960,0,20,train
grid_424320_9402240,0,22,train
grid_424320_9403520,0,22,train
grid_424320_9404800,0,16,train
grid_424320_9406080,0,16,train
grid_424320_9407360,0,17,train
grid_424320_9424000,1,2,test
grid_424320_9425280,1,2,train
grid_424320_9426560,1,2,train
grid_424320_9427840,0,18,train
grid_424320_9429120,1,5,train
grid_424320_9430400,0,15,train
grid_424320_9431680,0,16,val
grid_424320_9432960,0,13,train
grid_424320_9434240,0,8,train
grid_424320_9435520,0,12,train
grid_424320_9436800,0,15,train
grid_424320_9438080,0,11,train
grid_424320_9439360,0,13,test
grid_425600_9398400,0,20,test
grid_425600_9399680,0,23,train
grid_425600_9400960,0,20,train
grid_425600_9402240,0,21,test
grid_425600_9403520,0,21,train
grid_425600_9404800,0,20,train
grid_425600_9406080,0,17,train
grid_425600_9407360,0,16,train
grid_425600_9418880,1,11,train
grid_425600_9424000,1,16,test
grid_425600_9425280,0,8,test
grid_425600_9426560,0,21,train
grid_425600_9427840,1,8,test
grid_425600_9429120,1,3,train
grid_425600_9430400,0,16,train
grid_425600_9431680,0,10,train
grid_425600_9432960,0,15,train
grid_425600_9434240,0,12,train
grid_425600_9435520,0,11,train
grid_425600_9436800,0,12,train
grid_425600_9438080,0,12,test
grid_425600_9439360,0,5,train
grid_426880_9398400,0,24,val
grid_426880_9399680,0,22,train
grid_426880_9400960,0,19,train
grid_426880_9402240,0,19,test
grid_426880_9403520,0,20,test
grid_426880_9404800,0,19,val
grid_426880_9416320,1,16,test
grid_426880_9417600,1,11,train
grid_426880_9418880,0,16,train
grid_426880_9420160,0,2,val
grid_426880_9424000,1,7,train
grid_426880_9425280,0,14,train
grid_426880_9426560,0,19,train
grid_426880_9427840,0,15,train
grid_426880_9429120,0,16,train
grid_426880_9430400,0,7,train
grid_426880_9431680,1,12,test
grid_426880_9432960,0,13,train
grid_426880_9434240,1,5,train
grid_426880_9435520,0,14,val
grid_426880_9436800,0,11,train
grid_426880_9438080,1,10,test
grid_428160_9397120,0,21,train
grid_428160_9398400,0,20,train
grid_428160_9399680,0,21,train
grid_428160_9400960,0,19,test
grid_428160_9402240,0,19,train
grid_428160_9403520,0,20,train
grid_428160_9416320,1,7,train
grid_428160_9417600,1,9,train
grid_428160_9418880,1,15,train
grid_428160_9420160,1,14,train
grid_428160_9421440,0,14,val
grid_428160_9422720,1,12,train
grid_428160_9424000,0,14,train
grid_428160_9425280,0,7,train
grid_428160_9426560,0,17,val
grid_428160_9427840,0,16,train
grid_428160_9429120,0,12,train
grid_428160_9430400,1,8,val
grid_428160_9431680,0,7,train
grid_428160_9432960,1,15,train
grid_428160_9434240,1,11,train
grid_428160_9435520,0,9,val
grid_428160_9436800,0,1,train
grid_428160_9438080,1,6,train
grid_429440_9395840,0,18,test
grid_429440_9397120,0,21,test
grid_429440_9398400,0,21,train
grid_429440_9399680,0,20,train
grid_429440_9400960,0,21,val
grid_429440_9402240,0,21,train
grid_429440_9417600,1,10,train
grid_429440_9418880,1,9,train
grid_429440_9420160,1,7,train
grid_429440_9421440,1,14,train
grid_429440_9422720,1,8,train
grid_429440_9424000,0,12,train
grid_429440_9425280,1,11,val
grid_429440_9426560,1,9,train
grid_429440_9427840,0,12,test
grid_429440_9429120,0,10,train
grid_429440_9430400,0,13,val
grid_429440_9431680,0,11,train
grid_429440_9432960,1,7,train
grid_429440_9434240,1,6,train
grid_429440_9435520,1,8,train
grid_429440_9436800,1,7,val
grid_430720_9389440,0,15,train
grid_430720_9394560,0,18,train
grid_430720_9395840,0,19,train
grid_430720_9397120,0,22,train
grid_430720_9398400,0,20,train
grid_430720_9399680,0,20,val
grid_430720_9400960,0,21,test
grid_430720_9422720,1,6,val
grid_430720_9424000,0,11,train
grid_430720_9426560,0,14,val
grid_430720_9427840,0,7,test
grid_430720_9429120,0,12,train
grid_430720_9430400,0,8,test
grid_430720_9431680,0,12,train
grid_430720_9432960,1,10,train
grid_430720_9434240,1,6,train
grid_430720_9435520,0,9,test
grid_430720_9436800,1,13,train
grid_432000_9372800,0,24,val
grid_432000_9374080,0,24,train
grid_432000_9375360,0,22,train
grid_432000_9376640,0,16,train
grid_432000_9386880,0,18,val
grid_432000_9388160,0,21,test
grid_432000_9389440,0,22,train
grid_432000_9390720,0,27,train
grid_432000_9392000,0,20,train
grid_432000_9393280,0,22,train
grid_432000_9394560,0,21,test
grid_432000_9395840,0,18,train
grid_432000_9397120,0,21,train
grid_432000_9398400,0,22,train
grid_432000_9399680,0,18,train
grid_432000_9427840,0,9,val
grid_432000_9429120,0,9,train
grid_432000_9430400,0,15,val
grid_432000_9431680,1,9,train
grid_432000_9432960,1,6,train
grid_432000_9434240,1,10,test
grid_433280_9371520,0,26,train
grid_433280_9372800,0,23,train
grid_433280_9374080,0,21,train
grid_433280_9375360,0,22,val
grid_433280_9376640,0,23,train
grid_433280_9377920,0,22,train
grid_433280_9385600,0,19,val
grid_433280_9386880,0,24,train
grid_433280_9388160,0,21,train
grid_433280_9389440,0,22,test
grid_433280_9390720,0,26,val
grid_433280_9392000,0,23,train
grid_433280_9393280,0,23,train
grid_433280_9394560,0,22,test
grid_433280_9395840,0,20,train
grid_433280_9397120,0,20,val
grid_433280_9398400,0,19,train
grid_433280_9429120,0,7,val
grid_433280_9430400,0,14,train
grid_433280_9431680,1,10,train
grid_433280_9432960,1,8,train
grid_433280_9434240,1,11,train
grid_434560_9371520,0,25,test
grid_434560_9372800,0,22,train
grid_434560_9374080,0,18,train
grid_434560_9375360,0,20,test
grid_434560_9376640,0,22,train
grid_434560_9377920,0,24,train
grid_434560_9379200,0,18,train
grid_434560_9380480,0,22,train
grid_434560_9381760,0,23,train
grid_434560_9383040,0,23,train
grid_434560_9384320,0,24,train
grid_434560_9385600,0,21,train
grid_434560_9386880,0,22,train
grid_434560_9388160,0,21,train
grid_434560_9389440,1,23,train
grid_434560_9390720,0,24,train
grid_434560_9392000,0,22,train
grid_434560_9393280,0,22,test
grid_434560_9394560,0,19,val
grid_434560_9395840,0,18,train
grid_434560_9397120,0,20,val
grid_434560_9427840,0,8,train
grid_434560_9429120,1,8,test
grid_434560_9430400,0,10,train
grid_434560_9431680,0,13,train
grid_434560_9432960,0,7,val
grid_435840_9370240,0,21,train
grid_435840_9371520,0,22,train
grid_435840_9372800,0,21,val
grid_435840_9374080,0,19,train
grid_435840_9375360,0,19,train
grid_435840_9376640,0,22,val
grid_435840_9377920,0,21,train
grid_435840_9379200,0,3,train
grid_435840_9380480,0,21,train
grid_435840_9381760,0,25,test
grid_435840_9383040,0,24,val
grid_435840_9384320,0,21,train
grid_435840_9385600,0,20,train
grid_435840_9386880,0,20,train
grid_435840_9388160,0,24,train
grid_435840_9389440,0,23,val
grid_435840_9390720,0,25,val
grid_435840_9392000,0,24,val
grid_435840_9429120,0,7,train
grid_435840_9430400,0,10,val
grid_437120_9370240,0,20,train
grid_437120_9371520,0,19,val
grid_437120_9372800,0,23,val
grid_437120_9374080,0,19,train
grid_437120_9375360,0,18,train
grid_437120_9376640,0,20,train
grid_437120_9377920,0,22,train
grid_437120_9379200,0,22,train
grid_437120_9380480,0,24,train
grid_437120_9381760,0,25,train
grid_437120_9383040,0,24,val
grid_437120_9384320,0,20,train
grid_437120_9385600,0,20,train
grid_437120_9386880,0,20,train
grid_437120_9388160,0,22,train
grid_437120_9389440,0,24,test
grid_437120_9429120,1,9,train
grid_437120_9430400,1,9,train
grid_438400_9370240,0,14,val
grid_438400_9371520,0,18,train
grid_438400_9372800,0,21,train
grid_438400_9374080,0,21,train
grid_438400_9375360,0,19,train
grid_438400_9376640,0,20,test
grid_438400_9377920,0,24,train
grid_438400_9379200,0,21,train
grid_438400_9380480,0,20,train
grid_438400_9381760,0,23,train
grid_438400_9383040,0,21,train
grid_438400_9384320,0,20,train
grid_438400_9385600,0,20,train
grid_438400_9386880,0,19,train
grid_438400_9388160,0,21,train
grid_438400_9389440,0,20,train
grid_438400_9430400,0,18,val
grid_439680_9372800,0,22,train
grid_439680_9374080,0,22,train
grid_439680_9375360,0,19,train
grid_439680_9376640,0,15,train
grid_439680_9377920,0,22,train
grid_439680_9379200,0,23,train
grid_439680_9380480,0,23,val
grid_439680_9381760,0,21,train
grid_439680_9383040,0,22,train
grid_439680_9384320,0,21,train
grid_439680_9385600,0,19,train
grid_439680_9386880,0,19,train
grid_439680_9388160,0,20,train
grid_439680_9430400,0,13,test
grid_440960_9372800,0,22,test
grid_440960_9374080,0,23,test
grid_440960_9375360,0,21,train
grid_440960_9376640,0,22,train
grid_440960_9377920,0,22,train
grid_440960_9379200,0,25,val
grid_440960_9380480,0,21,train
grid_440960_9381760,0,22,train
grid_440960_9383040,0,20,train
grid_440960_9384320,0,19,train
grid_440960_9385600,0,19,train
grid_440960_9386880,0,20,train
grid_440960_9388160,0,20,train
grid_442240_9372800,0,24,train
grid_442240_9374080,0,22,test
grid_442240_9375360,0,22,train
grid_442240_9376640,0,20,train
grid_442240_9377920,0,22,train
grid_442240_9379200,0,21,train
grid_442240_9380480,0,20,train
grid_442240_9381760,0,21,test
grid_442240_9383040,0,21,train
grid_442240_9384320,0,19,train
grid_442240_9385600,0,17,test
grid_442240_9386880,0,18,train
grid_443520_9360000,0,27,train
grid_443520_9361280,0,22,val
grid_443520_9370240,0,24,val
grid_443520_9371520,0,23,val
grid_443520_9372800,0,22,test
grid_443520_9374080,0,24,train
grid_443520_9375360,0,22,val
grid_443520_9376640,0,21,val
grid_443520_9377920,0,24,train
grid_443520_9379200,0,24,test
grid_443520_9380480,0,20,train
grid_443520_9381760,0,20,train
grid_443520_9383040,0,20,train
grid_443520_9384320,0,18,train
grid_444800_9358720,0,18,train
grid_444800_9360000,0,22,train
grid_444800_9361280,0,21,train
grid_444800_9362560,0,21,train
grid_444800_9363840,0,7,train
grid_444800_9367680,0,18,test
grid_444800_9368960,0,19,train
grid_444800_9370240,0,22,train
grid_444800_9371520,0,21,test
grid_444800_9372800,0,24,train
grid_444800_9374080,0,23,train
grid_444800_9375360,0,22,train
grid_444800_9376640,0,23,train
grid_444800_9377920,0,24,val
grid_444800_9379200,0,22,test
grid_444800_9380480,0,21,train
grid_444800_9381760,0,22,train
grid_444800_9383040,0,20,test
grid_446080_9357440,0,22,train
grid_446080_9358720,0,25,train
grid_446080_9360000,0,19,train
grid_446080_9361280,0,19,train
grid_446080_9362560,0,20,test
grid_446080_9363840,0,22,train
grid_446080_9365120,0,21,train
grid_446080_9366400,0,19,train
grid_446080_9367680,0,19,train
grid_446080_9368960,0,21,train
grid_446080_9370240,0,22,val
grid_446080_9371520,0,25,train
grid_446080_9372800,0,25,train
grid_446080_9374080,0,23,train
grid_446080_9375360,0,21,train
grid_446080_9376640,0,22,train
grid_446080_9377920,0,22,train
grid_446080_9379200,0,21,train
grid_446080_9380480,0,22,train
grid_446080_9381760,0,22,train
grid_447360_9357440,0,22,train
grid_447360_9358720,0,20,train
grid_447360_9360000,0,20,train
grid_447360_9361280,0,19,val
grid_447360_9362560,0,20,train
grid_447360_9363840,0,22,train
grid_447360_9365120,0,12,train
grid_447360_9366400,0,19,test
grid_447360_9367680,0,22,train
grid_447360_9368960,0,21,val
grid_447360_9370240,0,24,train
grid_447360_9371520,0,25,val
grid_447360_9372800,0,24,test
grid_447360_9374080,0,22,train
grid_447360_9375360,0,22,val
grid_447360_9376640,0,20,test
grid_447360_9377920,0,21,test
grid_447360_9379200,0,20,train
grid_447360_9380480,0,22,train
grid_447360_9381760,0,20,train
grid_448640_9356160,0,20,val
grid_448640_9357440,0,23,val
grid_448640_9358720,0,21,train
grid_448640_9360000,0,19,val
grid_448640_9361280,0,22,test
grid_448640_9362560,0,23,test
grid_448640_9363840,0,20,train
grid_448640_9365120,0,22,train
grid_448640_9366400,1,6,train
grid_448640_9367680,0,14,train
grid_448640_9368960,0,22,train
grid_448640_9370240,0,24,train
grid_448640_9371520,0,23,val
grid_448640_9372800,0,20,train
grid_448640_9374080,0,23,test
grid_448640_9375360,0,22,val
grid_448640_9376640,0,21,train
grid_448640_9377920,0,21,train
grid_448640_9379200,0,19,val
grid_449920_9354880,0,24,train
grid_449920_9356160,0,20,val
grid_449920_9357440,0,19,train
grid_449920_9358720,0,19,test
grid_449920_9360000,0,21,train
grid_449920_9361280,0,21,train
grid_449920_9362560,0,21,test
grid_449920_9363840,0,22,test
grid_449920_9365120,0,19,val
grid_449920_9366400,0,20,train
grid_449920_9367680,1,5,train
grid_449920_9368960,0,19,train
grid_449920_9370240,0,25,train
grid_449920_9371520,0,18,train
grid_449920_9372800,0,23,val
grid_449920_9374080,0,22,train
grid_449920_9375360,0,22,train
grid_449920_9376640,0,21,val
grid_449920_9377920,0,20,train
grid_451200_9353600,0,21,train
grid_451200_9354880,0,21,val
grid_451200_9356160,0,21,test
grid_451200_9357440,0,19,val
grid_451200_9358720,0,18,test
grid_451200_9360000,0,18,train
grid_451200_9361280,0,21,train
grid_451200_9362560,0,22,train
grid_451200_9363840,0,23,train
grid_451200_9365120,0,21,test
grid_451200_9366400,0,19,test
grid_451200_9367680,1,13,train
grid_451200_9368960,0,17,train
grid_451200_9370240,0,18,train
grid_451200_9371520,0,21,train
grid_451200_9372800,0,22,test
grid_451200_9374080,0,25,val
grid_451200_9375360,0,23,train
grid_451200_9376640,0,22,train
grid_451200_9377920,0,20,train
grid_452480_9352320,0,23,train
grid_452480_9353600,0,20,test
grid_452480_9354880,0,19,val
grid_452480_9356160,0,20,train
grid_452480_9357440,0,17,test
grid_452480_9358720,0,17,train
grid_452480_9360000,0,18,val
grid_452480_9361280,0,20,train
grid_452480_9362560,0,19,train
grid_452480_9363840,0,23,train
grid_452480_9365120,0,21,val
grid_452480_9366400,0,20,train
grid_452480_9367680,0,19,train
grid_452480_9368960,0,22,val
grid_452480_9370240,0,25,train
grid_452480_9371520,0,22,test
grid_452480_9372800,0,22,train
grid_452480_9374080,0,23,train
grid_452480_9375360,0,24,train
grid_452480_9376640,0,21,train
grid_453760_9345920,0,20,train
grid_453760_9352320,0,20,train
grid_453760_9353600,0,20,train
grid_453760_9354880,0,19,train
grid_453760_9356160,0,20,val
grid_453760_9357440,0,17,train
grid_453760_9358720,0,18,train
grid_453760_9360000,0,21,test
grid_453760_9361280,0,20,train
grid_453760_9362560,0,21,val
grid_453760_9363840,0,23,train
grid_453760_9365120,0,22,train
grid_453760_9366400,0,21,train
grid_453760_9367680,0,21,train
grid_453760_9368960,0,24,train
grid_453760_9370240,0,25,val
grid_453760_9371520,0,23,train
grid_453760_9372800,0,23,val
grid_453760_9374080,0,23,test
grid_453760_9375360,0,21,train
grid_455040_9344640,0,20,train
grid_455040_9345920,0,20,train
grid_455040_9347200,0,20,train
grid_455040_9351040,0,23,test
grid_455040_9352320,0,20,train
grid_455040_9353600,0,18,train
grid_455040_9354880,0,19,test
grid_455040_9356160,0,20,train
grid_455040_9357440,0,20,val
grid_455040_9358720,0,23,val
grid_455040_9360000,0,21,test
grid_455040_9361280,0,20,train
grid_455040_9362560,0,19,test
grid_455040_9363840,0,20,train
grid_455040_9365120,0,21,train
grid_455040_9366400,0,25,val
grid_455040_9367680,0,24,val
grid_455040_9368960,0,25,train
grid_455040_9370240,0,23,train
grid_455040_9371520,0,23,train
grid_455040_9372800,0,23,test
grid_455040_9374080,0,22,train
grid_456320_9345920,0,20,train
grid_456320_9347200,0,21,val
grid_456320_9348480,0,22,val
grid_456320_9349760,0,22,train
grid_456320_9351040,0,21,train
grid_456320_9352320,0,20,test
grid_456320_9353600,0,20,train
grid_456320_9354880,0,19,train
grid_456320_9356160,0,15,train
grid_456320_9357440,0,20,train
grid_456320_9358720,0,19,test
grid_456320_9360000,0,20,train
grid_456320_9361280,0,21,val
grid_456320_9362560,0,19,train
grid_456320_9363840,0,20,train
grid_456320_9365120,0,22,test
grid_456320_9366400,0,21,train
grid_456320_9367680,0,23,train
grid_456320_9368960,0,23,train
grid_456320_9370240,0,24,train
grid_456320_9371520,0,23,test
grid_456320_9372800,0,23,train
grid_457600_9345920,0,21,train
grid_457600_9347200,0,22,train
grid_457600_9348480,0,22,train
grid_457600_9349760,0,21,train
grid_457600_9351040,0,19,train
grid_457600_9352320,0,21,train
grid_457600_9353600,0,19,train
grid_457600_9354880,0,19,train
grid_457600_9356160,0,18,train
grid_457600_9357440,0,17,train
grid_457600_9358720,0,19,val
grid_457600_9360000,0,20,train
grid_457600_9361280,0,21,val
grid_457600_9362560,0,19,test
grid_457600_9363840,0,21,val
grid_457600_9365120,0,23,val
grid_457600_9366400,0,25,train
grid_457600_9367680,0,22,train
grid_457600_9368960,0,22,test
grid_457600_9370240,0,24,train
grid_457600_9371520,0,23,val
grid_458880_9344640,0,22,train
grid_458880_9345920,0,19,train
grid_458880_9347200,0,17,train
grid_458880_9348480,0,19,train
grid_458880_9349760,0,20,val
grid_458880_9351040,0,19,train
grid_458880_9352320,0,18,train
grid_458880_9353600,0,18,test
grid_458880_9354880,0,16,test
grid_458880_9356160,0,19,train
grid_458880_9357440,0,17,train
grid_458880_9358720,0,19,train
grid_458880_9360000,0,18,train
grid_458880_9361280,0,19,train
grid_458880_9362560,0,18,val
grid_458880_9363840,0,20,train
grid_458880_9365120,0,22,train
grid_458880_9366400,0,22,val
grid_458880_9367680,0,21,train
grid_458880_9368960,1,23,test
grid_460160_9344640,0,22,train
grid_460160_9345920,0,18,train
grid_460160_9347200,0,20,train
grid_460160_9348480,0,20,train
grid_460160_9349760,0,19,train
grid_460160_9351040,0,17,train
grid_460160_9352320,0,16,train
grid_460160_9353600,0,17,train
grid_460160_9354880,0,21,train
grid_460160_9356160,0,20,train
grid_460160_9357440,0,17,train
grid_460160_9358720,0,20,val
grid_460160_9360000,0,19,train
grid_460160_9361280,0,17,val
grid_461440_9344640,0,21,train
grid_461440_9345920,0,20,train
grid_461440_9347200,0,19,test
grid_461440_9348480,0,18,test
grid_461440_9349760,0,16,train
grid_461440_9351040,0,18,val
grid_461440_9352320,0,17,train
grid_461440_9353600,0,18,train
grid_461440_9354880,0,19,train
grid_461440_9356160,0,18,train
grid_461440_9357440,0,18,train
grid_461440_9358720,0,18,val
grid_462720_9344640,0,9,test
grid_462720_9347200,0,18,val
grid_462720_9348480,0,17,test
grid_462720_9349760,0,18,val
grid_462720_9351040,0,19,val
grid_462720_9352320,0,20,val
grid_462720_9353600,0,17,val
grid_462720_9354880,0,20,train
grid_464000_9345920,0,20,val
grid_464000_9347200,0,19,train
grid_464000_9348480,0,19,train
grid_464000_9349760,0,20,test
grid_465280_9344640,0,20,train
grid_465280_9345920,0,21,train
grid_465280_9347200,0,20,train
grid_465280_9348480,0,19,train
grid_466560_9344640,0,22,train
grid_466560_9345920,0,20,train
grid_466560_9347200,0,20,train
grid_466560_9348480,0,18,test
grid_467840_9344640,0,20,train
grid_467840_9345920,0,19,train
grid_469120_9344640,0,23,test
